Demand ID,Code Requisition,Client ID,Skills ID,Probability,Start Date,Grade,Selected Applicant ID,Status
1,12046775,Barclays,Angular,1,44643,C1,5,Open
2,12045340,Barclays,Android,1,44648,C1,,Open
3,11992465,Barclays,Angular,1,44682,B2,,Open
4,11996611,HSBC,DDL,1,44623,D2,,Open
5,11939746,Metro,iOS,1,44592,C1,,Open
6,11921672,Metro,DDL,1,44599,C1,,Open
7,11766137,Metro,iOS,1,44562,C1,,Open
8,11705214,Morgan,Angular,1,44581,C2,1,Open
9,11705210,Morgan,Angular,1,44581,C1,4,Open
10,11966081,RBS,Android,1,44620,C2,,Open
11,11966080,RBS,Android,1,44620,C2,,Open
12,11966079,RBS,Android,1,44620,C2,,Open
13,12077277,TUI,UX,1,43904,C1,,Open
